# of rank,Artwork&Artwork,Artist&Artwork,Artist&Artist
1,0.5799271181293654,0.3637412693592469,0.05633161251138779
2,1.1598542362587307,0.7274825387184938,0.11266322502277558
3,1.739781354388096,1.0912238080777406,0.16899483753416336
4,2.3197084725174615,1.4549650774369876,0.22532645004555116
5,2.899635590646827,1.8187063467962346,0.2816580625569389
6,3.479562708776192,2.182447616155481,0.3379896750683267
7,4.0594898269055575,2.546188885514728,0.3943212875797145
8,4.639416945034923,2.909930154873975,0.4506529000911023
9,5.2193440631642884,3.273671424233222,0.5069845126024901
10,5.799271181293654,3.637412693592469,0.5633161251138779
11,6.379198299423019,4.001153962951716,0.6196477376252657
12,6.959125417552384,4.364895232310962,0.6759793501366534
13,7.5390525356817495,4.728636501670209,0.7323109626480413
14,8.118979653811115,5.092377771029456,0.788642575159429
15,8.69890677194048,5.456119040388703,0.8449741876708169
16,9.278833890069846,5.81986030974795,0.9013058001822046
17,9.858761008199211,6.183601579107197,0.9576374126935924
18,10.438688126328577,6.547342848466444,1.0139690252049802
19,11.018615244457942,6.911084117825691,1.070300637716368
20,11.598542362587308,7.274825387184938,1.1266322502277557
21,12.178469480716673,7.638566656544184,1.1829638627391437
22,12.758396598846039,8.002307925903432,1.2392954752505314
23,13.338323716975404,8.36604919526268,1.2956270877619191
24,13.918250835104768,8.729790464621924,1.351958700273307
25,14.498177953234133,9.093531733981171,1.4082903127846946
26,15.078105071363499,9.457273003340418,1.4646219252960826
27,15.658032189492864,9.821014272699665,1.5209535378074703
28,16.23795930762223,10.184755542058912,1.577285150318858
29,16.817886425751595,10.54849681141816,1.6336167628302458
30,17.39781354388096,10.912238080777406,1.6899483753416338
31,17.977740662010326,11.275979350136653,1.7462799878530215
32,18.557667780139692,11.6397206194959,1.8026116003644093
33,19.137594898269057,12.003461888855147,1.858943212875797
34,19.717522016398423,12.367203158214394,1.9152748253871847
35,20.29744913452779,12.730944427573641,1.9716064378985727
36,20.877376252657154,13.094685696932888,2.0279380504099604
37,21.45730337078652,13.458426966292135,2.0842696629213484
38,22.037230488915885,13.822168235651382,2.140601275432736
39,22.61715760704525,14.18590950501063,2.196932887944124
40,23.197084725174616,14.549650774369876,2.2532645004555114
41,23.77701184330398,14.913392043729122,2.3095961129668994
42,24.356938961433347,15.277133313088369,2.3659277254782873
43,24.936866079562712,15.640874582447616,2.422259337989675
44,25.516793197692078,16.004615851806864,2.478590950501063
45,26.096720315821443,16.36835712116611,2.5349225630124503
46,26.67664743395081,16.73209839052536,2.5912541755238383
47,27.256574552080174,17.095839659884604,2.6475857880352263
48,27.836501670209536,17.45958092924385,2.703917400546614
49,28.4164287883389,17.823322198603098,2.7602490130580017
50,28.996355906468267,18.187063467962343,2.8165806255693893
51,29.576283024597632,18.55080473732159,2.8729122380807772
52,30.156210142726998,18.914546006680837,2.929243850592165
53,30.736137260856363,19.278287276040086,2.9855754631035527
54,31.31606437898573,19.64202854539933,3.0419070756149407
55,31.895991497115094,20.00576981475858,3.0982386881263286
56,32.47591861524446,20.369511084117825,3.154570300637716
57,33.05584573337383,20.733252353477074,3.210901913149104
58,33.63577285150319,21.09699362283632,3.2672335256604916
59,34.21569996963256,21.460734892195568,3.3235651381718796
60,34.79562708776192,21.824476161554813,3.3798967506832676
61,35.37555420589129,22.18821743091406,3.436228363194655
62,35.95548132402065,22.551958700273307,3.492559975706043
63,36.53540844215002,22.915699969632556,3.5488915882174306
64,37.115335560279384,23.2794412389918,3.6052232007288185
65,37.695262678408746,23.643182508351046,3.6615548132402065
66,38.275189796538115,24.006923777710295,3.717886425751594
67,38.85511691466748,24.37066504706954,3.774218038262982
68,39.435044032796846,24.73440631642879,3.8305496507743695
69,40.01497115092621,25.098147585788034,3.8868812632857574
70,40.59489826905558,25.461888855147283,3.9432128757971454
71,41.17482538718494,25.825630124506528,3.999544488308533
72,41.75475250531431,26.189371393865777,4.055876100819921
73,42.33467962344367,26.553112663225022,4.112207713331308
74,42.91460674157304,26.91685393258427,4.168539325842697
75,43.4945338597024,27.280595201943516,4.224870938354084
76,44.07446097783177,27.644336471302765,4.281202550865472
77,44.65438809596113,28.00807774066201,4.337534163376859
78,45.2343152140905,28.37181901002126,4.393865775888248
79,45.81424233221986,28.735560279380504,4.450197388399635
80,46.39416945034923,29.099301548739753,4.506529000911023
81,46.97409656847859,29.463042818098998,4.562860613422411
82,47.55402368660796,29.826784087458243,4.619192225933799
83,48.133950804737324,30.190525356817492,4.675523838445186
84,48.71387792286669,30.554266626176737,4.731855450956575
85,49.293805040996055,30.918007895535986,4.788187063467962
86,49.873732159125424,31.28174916489523,4.84451867597935
87,50.453659277254786,31.64549043425448,4.900850288490738
88,51.033586395384155,32.00923170361373,4.957181901002126
89,51.61351351351352,32.372972972972974,5.013513513513513
90,52.193440631642886,32.73671424233222,5.069845126024901
91,52.77336774977225,33.100455511691464,5.126176738536289
92,53.35329486790162,33.46419678105072,5.182508351047677
93,53.93322198603098,33.82793805040996,5.238839963559064
94,54.51314910416035,34.19167931976921,5.2951715760704525
95,55.09307622228971,34.55542058912845,5.35150318858184
96,55.67300334041907,34.9191618584877,5.407834801093228
97,56.25293045854844,35.28290312784695,5.464166413604616
98,56.8328575766778,35.646644397206195,5.5204980261160035
99,57.41278469480717,36.01038566656544,5.576829638627391
100,57.992711812936534,36.374126935924686,5.6331612511387785
101,58.5726389310659,36.73786820528394,5.689492863650167
102,59.152566049195265,37.10160947464318,5.7458244761615545
103,59.732493167324634,37.46535074400243,5.802156088672942
104,60.312420285453996,37.829092013361674,5.85848770118433
105,60.892347403583365,38.192833282720926,5.914819313695718
106,61.47227452171273,38.55657455208017,5.971150926207105
107,62.052201639842096,38.92031582143942,6.027482538718494
108,62.63212875797146,39.28405709079866,6.083814151229881
109,63.21205587610083,39.647798360157914,6.140145763741269
110,63.79198299423019,40.01153962951716,6.196477376252657
111,64.37191011235956,40.375280898876404,6.252808988764045
112,64.95183723048892,40.73902216823565,6.309140601275432
113,65.53176434861828,41.102763437594895,6.36547221378682
114,66.11169146674766,41.46650470695415,6.421803826298208
115,66.69161858487702,41.83024597631339,6.478135438809596
116,67.27154570300638,42.19398724567264,6.534467051320983
117,67.85147282113574,42.55772851503188,6.590798663832372
118,68.43139993926512,42.921469784391135,6.647130276343759
119,69.01132705739448,43.28521105375038,6.703461888855147
120,69.59125417552384,43.648952323109626,6.759793501366535
121,70.1711812936532,44.01269359246887,6.816125113877923
122,70.75110841178258,44.37643486182812,6.87245672638931
123,71.33103552991194,44.74017613118737,6.928788338900698
124,71.9109626480413,45.103917400546614,6.985119951412086
125,72.49088976617067,45.46765866990586,7.041451563923474
126,73.07081688430004,45.83139993926511,7.097783176434861
127,73.6507440024294,46.19514120862436,7.1541147889462495
128,74.23067112055877,46.5588824779836,7.210446401457637
129,74.81059823868813,46.92262374734285,7.266778013969025
130,75.39052535681749,47.28636501670209,7.323109626480413
131,75.97045247494687,47.650106286061344,7.3794412389918005
132,76.55037959307623,48.01384755542059,7.435772851503188
133,77.13030671120559,48.377588824779835,7.492104464014576
134,77.71023382933495,48.74133009413908,7.548436076525964
135,78.29016094746433,49.10507136349833,7.6047676890373515
136,78.87008806559369,49.46881263285758,7.661099301548739
137,79.45001518372305,49.83255390221682,7.717430914060127
138,80.02994230185242,50.19629517157607,7.773762526571515
139,80.60986941998179,50.56003644093532,7.830094139082902
140,81.18979653811115,50.923777710294566,7.886425751594291
141,81.76972365624052,51.28751897965381,7.942757364105678
142,82.34965077436988,51.651260249013056,7.999088976617066
143,82.92957789249925,52.01500151837231,8.055420589128454
144,83.50950501062862,52.378742787731554,8.111752201639842
145,84.08943212875798,52.7424840570908,8.16808381415123
146,84.66935924688734,53.106225326450044,8.224415426662617
147,85.24928636501672,53.46996659580929,8.280747039174004
148,85.82921348314608,53.83370786516854,8.337078651685394
149,86.40914060127544,54.19744913452779,8.393410264196781
150,86.9890677194048,54.56119040388703,8.449741876708169
151,87.56899483753418,54.92493167324628,8.506073489219556
152,88.14892195566354,55.28867294260553,8.562405101730944
153,88.7288490737929,55.652414211964775,8.618736714242331
154,89.30877619192226,56.01615548132402,8.675068326753719
155,89.88870331005164,56.379896750683265,8.731399939265108
156,90.468630428181,56.74363802004252,8.787731551776496
157,91.04855754631036,57.10737928940176,8.844063164287883
158,91.62848466443972,57.47112055876101,8.90039477679927
159,92.2084117825691,57.83486182812025,8.956726389310658
160,92.78833890069846,58.198603097479506,9.013058001822046
161,93.36826601882782,58.56234436683875,9.069389614333435
162,93.94819313695719,58.926085636197996,9.125721226844822
163,94.52812025508655,59.28982690555724,9.18205283935621
164,95.10804737321592,59.65356817491649,9.238384451867597
165,95.68797449134529,60.01730944427574,9.294716064378985
166,96.26790160947465,60.381050713634984,9.351047676890373
167,96.84782872760401,60.74479198299423,9.40737928940176
168,97.42775584573339,61.108533252353475,9.46371090191315
169,98.00768296386275,61.47227452171273,9.520042514424537
170,98.58761008199211,61.83601579107197,9.576374126935924
171,99.16753720012147,62.19975706043122,9.632705739447312
172,99.74746431825085,62.56349832979046,9.6890373519587
173,100.32739143638021,62.927239599149715,9.745368964470087
174,100.90731855450957,63.29098086850896,9.801700576981476
175,101.48724567263893,63.654722137868205,9.858032189492864
176,102.06717279076831,64.01846340722746,9.914363802004251
177,102.64709990889767,64.3822046765867,9.970695414515639
178,103.22702702702703,64.74594594594595,10.027027027027026
179,103.8069541451564,65.10968721530519,10.083358639538414
180,104.38688126328577,65.47342848466444,10.139690252049801
181,104.96680838141513,65.83716975402369,10.19602186456119
182,105.5467354995445,66.20091102338293,10.252353477072578
183,106.12666261767386,66.56465229274218,10.308685089583966
184,106.70658973580323,66.92839356210143,10.365016702095353
185,107.2865168539326,67.29213483146067,10.42134831460674
186,107.86644397206196,67.65587610081992,10.477679927118128
187,108.44637109019132,68.01961737017916,10.534011539629516
188,109.0262982083207,68.38335863953841,10.590343152140905
189,109.60622532645006,68.74709990889767,10.646674764652293
190,110.18615244457942,69.1108411782569,10.70300637716368
191,110.76607956270878,69.47458244761616,10.759337989675068
192,111.34600668083814,69.8383237169754,10.815669602186455
193,111.92593379896752,70.20206498633465,10.872001214697843
194,112.50586091709688,70.5658062556939,10.928332827209232
195,113.08578803522624,70.92954752505314,10.98466443972062
196,113.6657151533556,71.29328879441239,11.040996052232007
197,114.24564227148498,71.65703006377164,11.097327664743394
198,114.82556938961434,72.02077133313088,11.153659277254782
199,115.4054965077437,72.38451260249013,11.20999088976617
200,115.98542362587307,72.74825387184937,11.266322502277557
201,116.56535074400244,73.11199514120862,11.322654114788946
202,117.1452778621318,73.47573641056788,11.378985727300334
203,117.72520498026117,73.83947767992711,11.435317339811721
204,118.30513209839053,74.20321894928637,11.491648952323109
205,118.8850592165199,74.56696021864562,11.547980564834496
206,119.46498633464927,74.93070148800486,11.604312177345884
207,120.04491345277863,75.29444275736411,11.660643789857273
208,120.62484057090799,75.65818402672335,11.71697540236866
209,121.20476768903737,76.0219252960826,11.773307014880048
210,121.78469480716673,76.38566656544185,11.829638627391436
211,122.36462192529609,76.74940783480109,11.885970239902823
212,122.94454904342545,77.11314910416034,11.94230185241421
213,123.52447616155483,77.47689037351958,11.998633464925598
214,124.10440327968419,77.84063164287883,12.054965077436988
215,124.68433039781355,78.20437291223809,12.111296689948375
216,125.26425751594292,78.56811418159732,12.167628302459763
217,125.84418463407229,78.93185545095658,12.22395991497115
218,126.42411175220165,79.29559672031583,12.280291527482538
219,127.00403887033102,79.65933798967507,12.336623139993925
220,127.58396598846038,80.02307925903432,12.392954752505315
221,128.16389310658974,80.38682052839356,12.449286365016702
222,128.74382022471912,80.75056179775281,12.50561797752809
223,129.3237473428485,81.11430306711206,12.561949590039477
224,129.90367446097784,81.4780443364713,12.618281202550865
225,130.48360157910722,81.84178560583055,12.674612815062252
226,131.06352869723656,82.20552687518979,12.73094442757364
227,131.64345581536594,82.56926814454904,12.787276040085029
228,132.22338293349532,82.9330094139083,12.843607652596416
229,132.80331005162466,83.29675068326753,12.899939265107804
230,133.38323716975404,83.66049195262678,12.956270877619191
231,133.9631642878834,84.02423322198604,13.012602490130579
232,134.54309140601276,84.38797449134528,13.068934102641967
233,135.12301852414214,84.75171576070453,13.125265715153354
234,135.7029456422715,85.11545703006377,13.181597327664743
235,136.28287276040086,85.47919829942302,13.23792894017613
236,136.86279987853024,85.84293956878227,13.294260552687518
237,137.4427269966596,86.20668083814151,13.350592165198906
238,138.02265411478896,86.57042210750076,13.406923777710293
239,138.6025812329183,86.93416337686001,13.463255390221681
240,139.1825083510477,87.29790464621925,13.51958700273307
241,139.76243546917706,87.6616459155785,13.575918615244458
242,140.3423625873064,88.02538718493774,13.632250227755845
243,140.9222897054358,88.389128454297,13.688581840267233
244,141.50221682356516,88.75286972365625,13.74491345277862
245,142.0821439416945,89.11661099301548,13.801245065290008
246,142.6620710598239,89.48035226237474,13.857576677801395
247,143.24199817795323,89.84409353173398,13.913908290312785
248,143.8219252960826,90.20783480109323,13.970239902824172
249,144.401852414212,90.57157607045248,14.02657151533556
250,144.98177953234133,90.93531733981172,14.082903127846947
251,145.5617066504707,91.29905860917097,14.139234740358335
252,146.1416337686001,91.66279987853022,14.195566352869722
253,146.72156088672943,92.02654114788946,14.251897965381112
254,147.3014880048588,92.39028241724871,14.308229577892499
255,147.88141512298816,92.75402368660795,14.364561190403887
256,148.46134224111753,93.1177649559672,14.420892802915274
257,149.0412693592469,93.48150622532646,14.477224415426662
258,149.62119647737626,93.8452474946857,14.53355602793805
259,150.20112359550563,94.20898876404495,14.589887640449437
260,150.78105071363498,94.57273003340418,14.646219252960826
261,151.36097783176436,94.93647130276344,14.702550865472213
262,151.94090494989373,95.30021257212269,14.758882477983601
263,152.52083206802308,95.66395384148193,14.815214090494988
264,153.10075918615246,96.02769511084118,14.871545703006376
265,153.68068630428183,96.39143638020043,14.927877315517764
266,154.26061342241118,96.75517764955967,14.984208928029153
267,154.84054054054056,97.11891891891892,15.04054054054054
268,155.4204676586699,97.48266018827816,15.096872153051928
269,156.00039477679928,97.84640145763741,15.153203765563315
270,156.58032189492866,98.21014272699666,15.209535378074703
271,157.160249013058,98.5738839963559,15.26586699058609
272,157.74017613118738,98.93762526571516,15.322198603097478
273,158.32010324931676,99.3013665350744,15.378530215608867
274,158.9000303674461,99.66510780443365,15.434861828120255
275,159.47995748557548,100.0288490737929,15.491193440631642
276,160.05988460370483,100.39259034315214,15.54752505314303
277,160.6398117218342,100.75633161251139,15.603856665654417
278,161.21973883996358,101.12007288187064,15.660188278165805
279,161.79966595809293,101.48381415122988,15.716519890677194
280,162.3795930762223,101.84755542058913,15.772851503188582
281,162.95952019435168,102.21129668994837,15.82918311569997
282,163.53944731248103,102.57503795930762,15.885514728211357
283,164.1193744306104,102.93877922866687,15.941846340722744
284,164.69930154873975,103.30252049802611,15.998177953234132
285,165.27922866686913,103.66626176738536,16.05450956574552
286,165.8591557849985,104.03000303674462,16.11084117825691
287,166.43908290312785,104.39374430610386,16.167172790768294
288,167.01901002125723,104.75748557546311,16.223504403279684
289,167.59893713938658,105.12122684482235,16.279836015791073
290,168.17886425751595,105.4849681141816,16.33616762830246
291,168.75879137564533,105.84870938354085,16.392499240813848
292,169.33871849377468,106.21245065290009,16.448830853325234
293,169.91864561190405,106.57619192225934,16.505162465836623
294,170.49857273003343,106.93993319161858,16.56149407834801
295,171.07849984816278,107.30367446097783,16.617825690859398
296,171.65842696629215,107.66741573033708,16.674157303370787
297,172.2383540844215,108.03115699969632,16.730488915882173
298,172.81828120255088,108.39489826905557,16.786820528393562
299,173.39820832068025,108.75863953841483,16.843152140904948
300,173.9781354388096,109.12238080777406,16.899483753416337
301,174.55806255693898,109.48612207713332,16.955815365927723
302,175.13798967506835,109.84986334649255,17.012146978439112
303,175.7179167931977,110.2136046158518,17.0684785909505
304,176.29784391132708,110.57734588521106,17.124810203461887
305,176.87777102945643,110.9410871545703,17.181141815973277
306,177.4576981475858,111.30482842392955,17.237473428484662
307,178.03762526571518,111.66856969328879,17.29380504099605
308,178.61755238384453,112.03231096264804,17.350136653507438
309,179.1974795019739,112.39605223200729,17.406468266018827
310,179.77740662010328,112.75979350136653,17.462799878530216
311,180.35733373823263,113.12353477072578,17.519131491041602
312,180.937260856362,113.48727604008504,17.57546310355299
313,181.51718797449135,113.85101730944427,17.631794716064377
314,182.09711509262073,114.21475857880353,17.688126328575766
315,182.6770422107501,114.57849984816276,17.744457941087152
316,183.25696932887945,114.94224111752202,17.80078955359854
317,183.83689644700883,115.30598238688127,17.85712116610993
318,184.4168235651382,115.6697236562405,17.913452778621316
319,184.99675068326755,116.03346492559976,17.969784391132706
320,185.57667780139693,116.39720619495901,18.02611600364409
321,186.15660491952627,116.76094746431825,18.08244761615548
322,186.73653203765565,117.1246887336775,18.13877922866687
323,187.31645915578503,117.48843000303674,18.195110841178256
324,187.89638627391437,117.85217127239599,18.251442453689645
325,188.47631339204375,118.21591254175524,18.30777406620103
326,189.0562405101731,118.57965381111448,18.36410567871242
327,189.63616762830247,118.94339508047373,18.420437291223806
328,190.21609474643185,119.30713634983297,18.476768903735195
329,190.7960218645612,119.67087761919223,18.533100516246584
330,191.37594898269057,120.03461888855148,18.58943212875797
331,191.95587610081995,120.39836015791072,18.64576374126936
332,192.5358032189493,120.76210142726997,18.702095353780745
333,193.11573033707867,121.12584269662922,18.758426966292134
334,193.69565745520802,121.48958396598846,18.81475857880352
335,194.2755845733374,121.85332523534771,18.87109019131491
336,194.85551169146677,122.21706650470695,18.9274218038263
337,195.43543880959612,122.5808077740662,18.983753416337684
338,196.0153659277255,122.94454904342545,19.040085028849074
339,196.59529304585487,123.30829031278469,19.09641664136046
340,197.17522016398422,123.67203158214394,19.15274825387185
341,197.7551472821136,124.03577285150318,19.209079866383235
342,198.33507440024295,124.39951412086243,19.265411478894624
343,198.91500151837232,124.76325539022169,19.321743091406013
344,199.4949286365017,125.12699665958093,19.3780747039174
345,200.07485575463105,125.49073792894018,19.434406316428788
346,200.65478287276042,125.85447919829943,19.490737928940174
347,201.2347099908898,126.21822046765867,19.547069541451563
348,201.81463710901915,126.58196173701792,19.603401153962952
349,202.39456422714852,126.94570300637716,19.659732766474338
350,202.97449134527787,127.30944427573641,19.716064378985728
351,203.55441846340725,127.67318554509566,19.772395991497113
352,204.13434558153662,128.03692681445492,19.828727604008503
353,204.71427269966597,128.40066808381414,19.88505921651989
354,205.29419981779535,128.7644093531734,19.941390829031278
355,205.8741269359247,129.12815062253264,19.997722441542667
356,206.45405405405407,129.4918918918919,20.054054054054053
357,207.03398117218345,129.85563316125115,20.110385666565442
358,207.6139082903128,130.21937443061037,20.166717279076828
359,208.19383540844217,130.58311569996962,20.223048891588217
360,208.77376252657155,130.94685696932888,20.279380504099603
361,209.3536896447009,131.31059823868813,20.335712116610992
362,209.93361676283027,131.67433950804738,20.39204372912238
363,210.51354388095962,132.03808077740663,20.448375341633767
364,211.093470999089,132.40182204676586,20.504706954145156
365,211.67339811721837,132.7655633161251,20.561038566656542
366,212.25332523534772,133.12930458548436,20.61737017916793
367,212.8332523534771,133.49304585484361,20.673701791679317
368,213.41317947160647,133.85678712420287,20.730033404190706
369,213.99310658973582,134.2205283935621,20.786365016702096
370,214.5730337078652,134.58426966292134,20.84269662921348
371,215.15296082599454,134.9480109322806,20.89902824172487
372,215.73288794412392,135.31175220163985,20.955359854236256
373,216.3128150622533,135.6754934709991,21.011691466747646
374,216.89274218038264,136.03923474035832,21.06802307925903
375,217.47266929851202,136.40297600971758,21.12435469177042
376,218.0525964166414,136.76671727907683,21.18068630428181
377,218.63252353477074,137.13045854843608,21.237017916793196
378,219.21245065290012,137.49419981779533,21.293349529304585
379,219.79237777102946,137.85794108715456,21.34968114181597
380,220.37230488915884,138.2216823565138,21.40601275432736
381,220.95223200728822,138.58542362587306,21.46234436683875
382,221.53215912541756,138.94916489523231,21.518675979350135
383,222.11208624354694,139.31290616459157,21.575007591861525
384,222.6920133616763,139.6766474339508,21.63133920437291
385,223.27194047980566,140.04038870331004,21.6876708168843
386,223.85186759793504,140.4041299726693,21.744002429395685
387,224.4317947160644,140.76787124202855,21.800334041907075
388,225.01172183419376,141.1316125113878,21.856665654418464
389,225.59164895232314,141.49535378074705,21.91299726692985
390,226.1715760704525,141.85909505010628,21.96932887944124
391,226.75150318858186,142.22283631946553,22.025660491952625
392,227.3314303067112,142.58657758882478,22.081992104464014
393,227.9113574248406,142.95031885818403,22.1383237169754
394,228.49128454296996,143.31406012754329,22.19465532948679
395,229.0712116610993,143.6778013969025,22.25098694199818
396,229.6511387792287,144.04154266626176,22.307318554509564
397,230.23106589735806,144.40528393562101,22.363650167020953
398,230.8109930154874,144.76902520498027,22.41998177953234
399,231.3909201336168,145.13276647433952,22.47631339204373
400,231.97084725174614,145.49650774369874,22.532645004555114
401,232.5507743698755,145.860249013058,22.588976617066503
